id;name;description;nature;mission_objective;amount;beneficiary_number;volunteer_number;additional_information;first_name;last_name;email;phone_number;start_date;end_date;label_adresse;street_number_adresse;route_adresse;locality;county;country;postal_code;latitude;longitude
1;optimize Soap hacking;../fake-data/blob/hipster.txt;MISSION;../fake-data/blob/hipster.txt;98681;16538;11195;../fake-data/blob/hipster.txt;Zoila;Hagenes;Francisco_Gutmann82@hotmail.com;Creative Principal;2020-04-12T20:10:09;2020-04-12T21:30:13;haptic;Buckinghamshire Arkansas;Focused California Soap;Incredible Cotton;Direct compressing;Bolivia;mint green rich;vortals;calculate web-enabled
2;Oklahoma;../fake-data/blob/hipster.txt;DEMANDE;../fake-data/blob/hipster.txt;72377;81327;46862;../fake-data/blob/hipster.txt;Isai;Lynch;Oscar66@hotmail.com;Bedfordshire Practical Cotton Keyboard;2020-04-12T19:34:55;2020-04-12T17:06:40;Montana;Palestinian Territory seize Senior;JBOD;channels Home Loan Account Overpass;District Connecticut SSL;Czech Republic;transmitting;Cambodia grow;Fantastic Program
3;Auto Loan Account parsing;../fake-data/blob/hipster.txt;MISSION;../fake-data/blob/hipster.txt;99918;59723;99035;../fake-data/blob/hipster.txt;Alexis;Bode;Monserrate.Hegmann@hotmail.com;BaconXXXXX;2020-04-12T00:29:02;2020-04-12T08:49:53;override;Kansas Incredible;Ball;full-range;uniform Bedfordshire;Myanmar;XML haptic backing up;Borders Towels;transition Licensed integrated
4;Shirt;../fake-data/blob/hipster.txt;PROPOSITION;../fake-data/blob/hipster.txt;87248;31399;93047;../fake-data/blob/hipster.txt;Austen;Becker;Doris_Bogan77@yahoo.com;Frozen Bedfordshire;2020-04-12T06:43:20;2020-04-12T13:35:20;parsing back-end;Cuban Peso Peso Convertible PNG engineer;European Unit of Account 9(E.U.A.-9);Integration back up Car;best-of-breed Central Regional;Finland;model Generic;Adaptive;streamline
5;Bedfordshire capacitor e-markets;../fake-data/blob/hipster.txt;PROPOSITION;../fake-data/blob/hipster.txt;74767;86336;88129;../fake-data/blob/hipster.txt;Verna;Gerhold;Lacy24@gmail.com;Marketing Handcrafted;2020-04-12T12:27:24;2020-04-12T03:07:27;Cotton Trinidad and Tobago Direct;Chair Awesome Plastic Shirt Estonia;Concrete;evolve;Auto Loan Account;Panama;CFP Franc web-enabled invoice;Platinum mission-critical;Refined Fresh Ball integrate program
6;schemas;../fake-data/blob/hipster.txt;AUTRE;../fake-data/blob/hipster.txt;2702;24554;95584;../fake-data/blob/hipster.txt;Jeffrey;Roberts;Giovanni39@hotmail.com;Gambia Ireland;2020-04-12T19:00:20;2020-04-12T05:59:09;logistical;embrace rich Oregon;e-enable transition;indexing PCI;recontextualize Extension Metal;Singapore;interface Intranet;encoding functionalities;Robust Practical portal
7;solutions;../fake-data/blob/hipster.txt;PROPOSITION;../fake-data/blob/hipster.txt;78279;29470;80869;../fake-data/blob/hipster.txt;Felicity;Harris;Katlynn93@gmail.com;violetXXXX;2020-04-12T22:05:52;2020-04-12T01:22:17;JSON;Pants Avon Down-sized;concept;Licensed Wooden Car;Personal Loan Account Sleek;New Caledonia;multi-byte Multi-tiered Wooden;Open-source;forecast Rustic hacking
8;Incredible;../fake-data/blob/hipster.txt;AUTRE;../fake-data/blob/hipster.txt;73933;47515;17663;../fake-data/blob/hipster.txt;Emie;Halvorson;Garnet29@gmail.com;drive clicks-and-mortar;2020-04-12T20:10:33;2020-04-12T23:25:06;killer transmitting Handcrafted Wooden Car;Sports Business-focused revolutionary;explicit;ROI HTTP Small;success Greece Industrial;Finland;payment;visualize;Product pink
9;Moldovan Leu Sleek;../fake-data/blob/hipster.txt;AUTRE;../fake-data/blob/hipster.txt;58711;11277;48094;../fake-data/blob/hipster.txt;Alexanne;Pfannerstill;Joshuah.Anderson36@hotmail.com;Sleek Configurable;2020-04-12T23:49:53;2020-04-12T11:47:52;Facilitator calculating;Thailand Mouse;copying teal dynamic;Bahamas;synergies systems;Taiwan;e-commerce Fully-configurable gold;overriding Handmade engage;array Grocery
10;Walk;../fake-data/blob/hipster.txt;DEMANDE;../fake-data/blob/hipster.txt;30635;32573;46342;../fake-data/blob/hipster.txt;Charlie;Gleason;Jedidiah62@yahoo.com;Health multi-byte paradigms;2020-04-12T23:08:11;2020-04-12T14:33:05;technologies;Automotive;Technician;Canyon Delaware drive;Squares Programmable;Falkland Islands (Malvinas);attitude-oriented;Kids Soft SMTP;SSL 24/365
