id;name;path;file_size;extention
1;compelling;Licensed;Ergonomic;Village Cape Verde Escudo interface
2;driver Hryvnia magenta;French Southern Territories;withdrawal Fantastic Chicken;payment Personal Loan Account
3;Malagasy Ariary Corporate Ergonomic;Beauty Books Ergonomic;mindshare;system program transmitting
4;Unbranded;frictionless;generate Bosnia and Herzegovina New Mexico;Fish
5;synthesizing Exclusive Music;Lead;Station User-friendly;Garden New Hampshire Garden
6;withdrawal Gibraltar;Fantastic;azure;Lead Agent
7;reboot;Lane;Small Steel Computer;card Bedfordshire
8;Grocery;communities Intelligent Wooden Shoes Unbranded Rubber Table;Minnesota Consultant syndicate;Saudi Riyal
9;Handmade;monitor;overriding;parallelism
10;front-end withdrawal pink;transform;bypass Bolivia data-warehouse;Nevada
